{
    "model": "gpt2-xl",
    "edit_technique": "mend",
    "results": {
        "CARE_ETHICS": {
            "broad-actions": {
                "edited": {
                    "AGS": {
                        "reliability": {
                            "mean": 0.10277777777777777,
                            "std": 0.2014798645087621
                        },
                        "generalization_action_paraphrase": {
                            "mean": 0.11777777777777777,
                            "std": 0.2098470930681095
                        },
                        "generalization_relation_paraphrase": {
                            "mean": 0.10944444444444444,
                            "std": 0.19511076309763953
                        },
                        "neighbourhood_score": {
                            "mean": 0.0,
                            "std": 0.0
                        }
                    },
                    "GCS": {
                        "reliability": {
                            "mean": 0.10277777777777777,
                            "std": 0.2014798645087621
                        },
                        "generalization_action_paraphrase": {
                            "mean": 0.11777777777777776,
                            "std": 0.21162656371338595
                        },
                        "generalization_relation_paraphrase": {
                            "mean": 0.10944444444444443,
                            "std": 0.204947298254279
                        },
                        "neighbourhood_score": {
                            "mean": 0.0,
                            "std": 0.0
                        }
                    }
                }
            },
            "all-actions": {
                "edited": {
                    "AGS": {
                        "reliability": {
                            "mean": 0.08299999999999999,
                            "std": 0.18405383672940592
                        },
                        "generalization_action_paraphrase": {
                            "mean": 0.08167222222222222,
                            "std": 0.17362056854240415
                        },
                        "generalization_relation_paraphrase": {
                            "mean": 0.0848388888888889,
                            "std": 0.1775446265409918
                        },
                        "neighbourhood_score": {
                            "mean": 0.0,
                            "std": 0.0
                        }
                    },
                    "GCS": {
                        "reliability": {
                            "mean": 0.08299999999999999,
                            "std": 0.18405383672940592
                        },
                        "generalization_action_paraphrase": {
                            "mean": 0.08167222222222222,
                            "std": 0.18016741177424983
                        },
                        "generalization_relation_paraphrase": {
                            "mean": 0.08483888888888888,
                            "std": 0.18336780475587217
                        },
                        "neighbourhood_score": {
                            "mean": 0.0,
                            "std": 0.0
                        }
                    }
                }
            }
        },
        "DEONTOLOGY": {
            "broad-actions": {
                "edited": {
                    "AGS": {
                        "reliability": {
                            "mean": 0.03444444444444444,
                            "std": 0.11038093412036315
                        },
                        "generalization_action_paraphrase": {
                            "mean": 0.04444444444444444,
                            "std": 0.11997942210393857
                        },
                        "generalization_relation_paraphrase": {
                            "mean": 0.03777777777777778,
                            "std": 0.10877545111573704
                        },
                        "neighbourhood_score": {
                            "mean": 0.0,
                            "std": 0.0
                        }
                    },
                    "GCS": {
                        "reliability": {
                            "mean": 0.03444444444444444,
                            "std": 0.11038093412036315
                        },
                        "generalization_action_paraphrase": {
                            "mean": 0.04444444444444444,
                            "std": 0.12136059929700577
                        },
                        "generalization_relation_paraphrase": {
                            "mean": 0.03777777777777777,
                            "std": 0.11425550747186904
                        },
                        "neighbourhood_score": {
                            "mean": 0.0,
                            "std": 0.0
                        }
                    }
                }
            },
            "all-actions": {
                "edited": {
                    "AGS": {
                        "reliability": {
                            "mean": 0.06016666666666666,
                            "std": 0.15097635944448756
                        },
                        "generalization_action_paraphrase": {
                            "mean": 0.0606388888888889,
                            "std": 0.14640130402762014
                        },
                        "generalization_relation_paraphrase": {
                            "mean": 0.06041666666666667,
                            "std": 0.14520758608129106
                        },
                        "neighbourhood_score": {
                            "mean": 0.0,
                            "std": 0.0
                        }
                    },
                    "GCS": {
                        "reliability": {
                            "mean": 0.06016666666666666,
                            "std": 0.15097635944448756
                        },
                        "generalization_action_paraphrase": {
                            "mean": 0.060638888888888874,
                            "std": 0.1491744540694337
                        },
                        "generalization_relation_paraphrase": {
                            "mean": 0.06041666666666667,
                            "std": 0.15042320699846717
                        },
                        "neighbourhood_score": {
                            "mean": 0.0,
                            "std": 0.0
                        }
                    }
                }
            }
        },
        "UTILITARIANISM": {
            "broad-actions": {
                "edited": {
                    "AGS": {
                        "reliability": {
                            "mean": 0.06388888888888888,
                            "std": 0.17170621622806212
                        },
                        "generalization_action_paraphrase": {
                            "mean": 0.06277777777777778,
                            "std": 0.1678669740826179
                        },
                        "generalization_relation_paraphrase": {
                            "mean": 0.0638888888888889,
                            "std": 0.17170621622806215
                        },
                        "neighbourhood_score": {
                            "mean": 0.0,
                            "std": 0.0
                        }
                    },
                    "GCS": {
                        "reliability": {
                            "mean": 0.06388888888888888,
                            "std": 0.17170621622806212
                        },