{
    "model": "gpt2-xl",
    "edit_technique": "lora",
    "results": {
        "CARE_ETHICS": {
            "broad-actions": {
                "edited": {
                    "AGS": {
                        "reliability": {
                            "mean": 1.0,
                            "std": 0.0
                        },
                        "generalization_action_paraphrase": {
                            "mean": 0.6394444444444444,
                            "std": 0.29127698836436994
                        },
                        "generalization_relation_paraphrase": {
                            "mean": 0.8744444444444444,
                            "std": 0.16497661637522235
                        },
                        "neighbourhood_score": {
                            "mean": 6.236303366791853e-07,
                            "std": 1.9756748905516494e-06
                        }
                    },
                    "GCS": {
                        "reliability": {
                            "mean": 1.0,
                            "std": 0.0
                        },
                        "generalization_action_paraphrase": {
                            "mean": 0.6394444444444444,
                            "std": 0.3618364510161333
                        },
                        "generalization_relation_paraphrase": {
                            "mean": 0.8744444444444446,
                            "std": 0.26479318741003405
                        },
                        "neighbourhood_score": {
                            "mean": 6.236303366791854e-07,
                            "std": 3.785786824201561e-06
                        }
                    }
                }
            },
            "all-actions": {
                "edited": {
                    "AGS": {
                        "reliability": {
                            "mean": 1.0,
                            "std": 0.0
                        },
                        "generalization_action_paraphrase": {
                            "mean": 0.7868611111111111,
                            "std": 0.21394402427899537
                        },
                        "generalization_relation_paraphrase": {
                            "mean": 0.936361111111111,
                            "std": 0.12024800439811215
                        },
                        "neighbourhood_score": {
                            "mean": 4.938359819526924e-06,
                            "std": 3.671319854893498e-05
                        }
                    },
                    "GCS": {
                        "reliability": {
                            "mean": 1.0,
                            "std": 0.0
                        },
                        "generalization_action_paraphrase": {
                            "mean": 0.7868611111111111,
                            "std": 0.3197511462445308
                        },
                        "generalization_relation_paraphrase": {
                            "mean": 0.936361111111111,
                            "std": 0.204200335470275
                        },
                        "neighbourhood_score": {
                            "mean": 4.938359819526923e-06,
                            "std": 6.210950976439778e-05
                        }
                    }
                }
            }
        },
        "DEONTOLOGY": {
            "broad-actions": {
                "edited": {
                    "AGS": {
                        "reliability": {
                            "mean": 1.0,
                            "std": 0.0
                        },
                        "generalization_action_paraphrase": {
                            "mean": 0.8852777777777778,
                            "std": 0.19026885623853682
                        },
                        "generalization_relation_paraphrase": {
                            "mean": 0.930888888888889,
                            "std": 0.12231996092014653
                        },
                        "neighbourhood_score": {
                            "mean": 3.8332190151885514e-05,
                            "std": 0.0001301969151720122
                        }
                    },
                    "GCS": {
                        "reliability": {
                            "mean": 1.0,
                            "std": 0.0
                        },
                        "generalization_action_paraphrase": {
                            "mean": 0.8852777777777779,
                            "std": 0.2573564264729241
                        },
                        "generalization_relation_paraphrase": {
                            "mean": 0.9308888888888889,
                            "std": 0.19738931888498057
                        },
                        "neighbourhood_score": {
                            "mean": 3.833219015188552e-05,
                            "std": 0.0001733146473498697
                        }
                    }
                }
            },
            "all-actions": {
                "edited": {
                    "AGS": {
                        "reliability": {
                            "mean": 1.0,
                            "std": 0.0
                        },
                        "generalization_action_paraphrase": {
                            "mean": 0.8979611111111111,
                            "std": 0.1532030254471916
                        },
                        "generalization_relation_paraphrase": {
                            "mean": 0.9225333333333333,
                            "std": 0.14007071230076773
                        },
                        "neighbourhood_score": {
                            "mean": 0.0010889340069302623,
                            "std": 0.005322268212821531
                        }
                    },
                    "GCS": {
                        "reliability": {
                            "mean": 1.0,
                            "std": 0.0
                        },
                        "generalization_action_paraphrase": {
                            "mean": 0.8979611111111111,
                            "std": 0.23198421555233473
                        },
                        "generalization_relation_paraphrase": {
                            "mean": 0.9225333333333333,
                            "std": 0.21701303254942156
                        },
                        "neighbourhood_score": {
                            "mean": 0.0010889340069302623,
                            "std": 0.009207689528676328
                        }
                    }
                }
            }
        },
        "UTILITARIANISM": {
            "broad-actions": {
                "edited": {
                    "AGS": {
                        "reliability": {
                            "mean": 1.0,
                            "std": 0.0
                        },
                        "generalization_action_paraphrase": {
                            "mean": 0.9283333333333333,
                            "std": 0.12278783267022778
                        },
                        "generalization_relation_paraphrase": {
                            "mean": 0.9622222222222221,
                            "std": 0.06539528430916518
                        },
                        "neighbourhood_score": {
                            "mean": 0.0025841680144083035,
                            "std": 0.005125246358220595
                        }
                    },
                    "GCS": {
                        "reliability": {
                            "mean": 1.0,
                            "std": 0.0
                        },