{
    "model": "gpt2-xl",
    "edit_technique": "memit",
    "results": {
        "CARE_ETHICS": {
            "broad-actions": {
                "edited": {
                    "AGS": {
                        "reliability": {
                            "mean": 0.9361111111111111,
                            "std": 0.19683059708952086
                        },
                        "generalization_action_paraphrase": {
                            "mean": 0.2788888888888889,
                            "std": 0.26451154610846644
                        },
                        "generalization_relation_paraphrase": {
                            "mean": 0.7394444444444445,
                            "std": 0.27425769624682783
                        },
                        "neighbourhood_score": {
                            "mean": 1.0033849455282073e-06,
                            "std": 2.94533648808401e-06
                        }
                    },
                    "GCS": {
                        "reliability": {
                            "mean": 0.9361111111111111,
                            "std": 0.19683059708952086
                        },
                        "generalization_action_paraphrase": {
                            "mean": 0.27888888888888885,
                            "std": 0.28593360189274364
                        },
                        "generalization_relation_paraphrase": {
                            "mean": 0.7394444444444445,
                            "std": 0.3473839623297982
                        },
                        "neighbourhood_score": {
                            "mean": 1.0033849455282073e-06,
                            "std": 4.2467084862265364e-06
                        }
                    }
                }
            },
            "all-actions": {
                "edited": {
                    "AGS": {
                        "reliability": {
                            "mean": 0.9772222222222221,
                            "std": 0.12597643322619934
                        },
                        "generalization_action_paraphrase": {
                            "mean": 0.26713333333333333,
                            "std": 0.24336648328228191
                        },
                        "generalization_relation_paraphrase": {
                            "mean": 0.8513444444444445,
                            "std": 0.23166404448289518
                        },
                        "neighbourhood_score": {
                            "mean": 4.669205796985692e-06,
                            "std": 3.024547893898253e-05
                        }
                    },
                    "GCS": {
                        "reliability": {
                            "mean": 0.9772222222222221,
                            "std": 0.12597643322619934
                        },
                        "generalization_action_paraphrase": {
                            "mean": 0.26713333333333333,
                            "std": 0.31725233093151806
                        },
                        "generalization_relation_paraphrase": {
                            "mean": 0.8513444444444445,
                            "std": 0.30897478002477485
                        },
                        "neighbourhood_score": {
                            "mean": 4.669205796985691e-06,
                            "std": 4.303147994664172e-05
                        }
                    }
                }
            }
        },
        "DEONTOLOGY": {
            "broad-actions": {
                "edited": {
                    "AGS": {
                        "reliability": {
                            "mean": 0.81,
                            "std": 0.374477413649119
                        },
                        "generalization_action_paraphrase": {
                            "mean": 0.1853888888888889,
                            "std": 0.23934775696762253
                        },
                        "generalization_relation_paraphrase": {
                            "mean": 0.5857777777777777,
                            "std": 0.3179027726200358
                        },
                        "neighbourhood_score": {
                            "mean": 4.222267012983311e-05,
                            "std": 0.00015420196371913316
                        }
                    },
                    "GCS": {
                        "reliability": {
                            "mean": 0.81,
                            "std": 0.374477413649119
                        },
                        "generalization_action_paraphrase": {
                            "mean": 0.18538888888888885,
                            "std": 0.26385398014717565
                        },
                        "generalization_relation_paraphrase": {
                            "mean": 0.5857777777777778,
                            "std": 0.4190261490411391
                        },
                        "neighbourhood_score": {
                            "mean": 4.222267012983311e-05,
                            "std": 0.00019810847650391424
                        }
                    }
                }
            },
            "all-actions": {
                "edited": {
                    "AGS": {
                        "reliability": {
                            "mean": 0.9189999999999999,
                            "std": 0.22485410908046663
                        },
                        "generalization_action_paraphrase": {
                            "mean": 0.27972222222222226,
                            "std": 0.22874034419342906
                        },
                        "generalization_relation_paraphrase": {
                            "mean": 0.7590166666666666,
                            "std": 0.2759389453739252
                        },
                        "neighbourhood_score": {
                            "mean": 0.0008344956233832149,
                            "std": 0.004221639475943428
                        }
                    },
                    "GCS": {
                        "reliability": {
                            "mean": 0.9189999999999999,
                            "std": 0.22485410908046663
                        },
                        "generalization_action_paraphrase": {
                            "mean": 0.2797222222222222,
                            "std": 0.34074118105849166
                        },
                        "generalization_relation_paraphrase": {
                            "mean": 0.7590166666666667,
                            "std": 0.35989568408905087
                        },
                        "neighbourhood_score": {
                            "mean": 0.0008344956233832148,
                            "std": 0.005504625495317536
                        }
                    }
                }
            }
        },
        "UTILITARIANISM": {
            "broad-actions": {
                "edited": {
                    "AGS": {
                        "reliability": {
                            "mean": 0.8388888888888888,
                            "std": 0.3205415941500368
                        },
                        "generalization_action_paraphrase": {
                            "mean": 0.22194444444444444,
                            "std": 0.26886664852926256
                        },
                        "generalization_relation_paraphrase": {
                            "mean": 0.6847222222222222,
                            "std": 0.3139214584872551
                        },
                        "neighbourhood_score": {
                            "mean": 0.004566863224929121,
                            "std": 0.010577146977104181
                        }
                    },