{
    "model": "gpt2-xl",
    "edit_technique": "serac",
    "results": {
        "CARE_ETHICS": {
            "broad-actions": {
                "edited": {
                    "AGS": {
                        "reliability": {
                            "mean": 0.9888888888888888,
                            "std": 0.059835164523716726
                        },
                        "generalization_action_paraphrase": {
                            "mean": 0.6325,
                            "std": 0.2754487080033971
                        },
                        "generalization_relation_paraphrase": {
                            "mean": 0.6463888888888889,
                            "std": 0.22221197893058536
                        },
                        "neighbourhood_score": {
                            "mean": 5.126638580321696e-10,
                            "std": 2.7607793661646393e-09
                        }
                    },
                    "GCS": {
                        "reliability": {
                            "mean": 0.9888888888888888,
                            "std": 0.059835164523716726
                        },
                        "generalization_action_paraphrase": {
                            "mean": 0.6325,
                            "std": 0.3844359143241201
                        },
                        "generalization_relation_paraphrase": {
                            "mean": 0.6463888888888889,
                            "std": 0.3723435747455849
                        },
                        "neighbourhood_score": {
                            "mean": 5.126638580321696e-10,
                            "std": 4.583613530335903e-09
                        }
                    }
                }
            },
            "all-actions": {
                "edited": {
                    "AGS": {
                        "reliability": {
                            "mean": 0.995,
                            "std": 0.06435578192102609
                        },
                        "generalization_action_paraphrase": {
                            "mean": 0.6464611111111112,
                            "std": 0.2899788695473355
                        },
                        "generalization_relation_paraphrase": {
                            "mean": 0.700338888888889,
                            "std": 0.2588301422974697
                        },
                        "neighbourhood_score": {
                            "mean": 0.0,
                            "std": 0.0
                        }
                    },
                    "GCS": {
                        "reliability": {
                            "mean": 0.995,
                            "std": 0.06435578192102609
                        },
                        "generalization_action_paraphrase": {
                            "mean": 0.6464611111111112,
                            "std": 0.41326161381214355
                        },
                        "generalization_relation_paraphrase": {
                            "mean": 0.700338888888889,
                            "std": 0.39445177141082255
                        },
                        "neighbourhood_score": {
                            "mean": 0.0,
                            "std": 0.0
                        }
                    }
                }
            }
        },
        "DEONTOLOGY": {
            "broad-actions": {
                "edited": {
                    "AGS": {
                        "reliability": {
                            "mean": 1.0,
                            "std": 0.0
                        },
                        "generalization_action_paraphrase": {
                            "mean": 0.783,
                            "std": 0.24749762438066766
                        },
                        "generalization_relation_paraphrase": {
                            "mean": 0.7577777777777779,
                            "std": 0.2009575841248196
                        },
                        "neighbourhood_score": {
                            "mean": 0.0,
                            "std": 0.0
                        }
                    },
                    "GCS": {
                        "reliability": {
                            "mean": 1.0,
                            "std": 0.0
                        },
                        "generalization_action_paraphrase": {
                            "mean": 0.783,
                            "std": 0.32885305735743636
                        },
                        "generalization_relation_paraphrase": {
                            "mean": 0.7577777777777777,
                            "std": 0.34120519875043076
                        },
                        "neighbourhood_score": {
                            "mean": 0.0,
                            "std": 0.0
                        }
                    }
                }
            },
            "all-actions": {
                "edited": {
                    "AGS": {
                        "reliability": {
                            "mean": 1.0,
                            "std": 0.0
                        },
                        "generalization_action_paraphrase": {
                            "mean": 0.7807388888888889,
                            "std": 0.2639319503462592
                        },
                        "generalization_relation_paraphrase": {
                            "mean": 0.7158277777777777,
                            "std": 0.24037287771191276
                        },
                        "neighbourhood_score": {
                            "mean": 0.0,
                            "std": 0.0
                        }
                    },
                    "GCS": {
                        "reliability": {
                            "mean": 1.0,
                            "std": 0.0
                        },
                        "generalization_action_paraphrase": {
                            "mean": 0.7807388888888888,
                            "std": 0.35636829467647274
                        },
                        "generalization_relation_paraphrase": {
                            "mean": 0.7158277777777778,
                            "std": 0.37742394373233545
                        },
                        "neighbourhood_score": {
                            "mean": 0.0,
                            "std": 0.0
                        }
                    }
                }
            }
        },
        "UTILITARIANISM": {
            "broad-actions": {
                "edited": {
                    "AGS": {
                        "reliability": {
                            "mean": 1.0,
                            "std": 0.0
                        },
                        "generalization_action_paraphrase": {
                            "mean": 0.7569444444444443,
                            "std": 0.27767289686665675
                        },
                        "generalization_relation_paraphrase": {
                            "mean": 0.746111111111111,
                            "std": 0.2043364751133003
                        },
                        "neighbourhood_score": {
                            "mean": 0.0,
                            "std": 0.0
                        }
                    },
                    "GCS": {
                        "reliability": {
                            "mean": 1.0,
                            "std": 0.0
                        },
                        "generalization_action_paraphrase": {
                            "mean": 0.7569444444444445,
                            "std": 0.38810188222637404
                        },