{
    "model": "gpt2-xl",
    "edit_technique": "ike",
    "results": {
        "CARE_ETHICS": {
            "broad-actions": {
                "edited": {
                    "AGS": {
                        "reliability": {
                            "mean": 0.9833333333333333,
                            "std": 0.08975274678557504
                        },
                        "generalization_action_paraphrase": {
                            "mean": 0.6197222238779069,
                            "std": 0.34298852329089685
                        },
                        "generalization_relation_paraphrase": {
                            "mean": 0.5836111136277518,
                            "std": 0.35275689060150206
                        },
                        "neighbourhood_score": {
                            "mean": 8.400363367428443e-06,
                            "std": 1.4055066722840801e-05
                        }
                    },
                    "GCS": {
                        "reliability": {
                            "mean": 0.9833333333333333,
                            "std": 0.08975274678557504
                        },
                        "generalization_action_paraphrase": {
                            "mean": 0.6197222238779068,
                            "std": 0.4270320883451712
                        },
                        "generalization_relation_paraphrase": {
                            "mean": 0.5836111136277516,
                            "std": 0.43116435501479705
                        },
                        "neighbourhood_score": {
                            "mean": 8.400363367428443e-06,
                            "std": 2.244363037060572e-05
                        }
                    }
                }
            },
            "all-actions": {
                "edited": {
                    "AGS": {
                        "reliability": {
                            "mean": 1.0,
                            "std": 0.0
                        },
                        "generalization_action_paraphrase": {
                            "mean": 0.7044944453239441,
                            "std": 0.3237921916203771
                        },
                        "generalization_relation_paraphrase": {
                            "mean": 0.5569777790606022,
                            "std": 0.2855642172551756
                        },
                        "neighbourhood_score": {
                            "mean": 8.681619228103066e-06,
                            "std": 5.3198665044615726e-05
                        }
                    },
                    "GCS": {
                        "reliability": {
                            "mean": 1.0,
                            "std": 0.0
                        },
                        "generalization_action_paraphrase": {
                            "mean": 0.7044944453239441,
                            "std": 0.40191864376155984
                        },
                        "generalization_relation_paraphrase": {
                            "mean": 0.5569777790606022,
                            "std": 0.42055850845581666
                        },
                        "neighbourhood_score": {
                            "mean": 8.681619228103066e-06,
                            "std": 6.056304625547678e-05
                        }
                    }
                }
            }
        },
        "DEONTOLOGY": {
            "broad-actions": {
                "edited": {
                    "AGS": {
                        "reliability": {
                            "mean": 1.0,
                            "std": 0.0
                        },
                        "generalization_action_paraphrase": {
                            "mean": 0.7805555568138759,
                            "std": 0.2590968403359989
                        },
                        "generalization_relation_paraphrase": {
                            "mean": 0.7907777799169221,
                            "std": 0.19889450586670604
                        },
                        "neighbourhood_score": {
                            "mean": 0.00023613562796076184,
                            "std": 0.000841135190325528
                        }
                    },
                    "GCS": {
                        "reliability": {
                            "mean": 1.0,
                            "std": 0.0
                        },
                        "generalization_action_paraphrase": {
                            "mean": 0.7805555568138758,
                            "std": 0.32997147233191054
                        },
                        "generalization_relation_paraphrase": {
                            "mean": 0.7907777799169222,
                            "std": 0.3229725163975394
                        },
                        "neighbourhood_score": {
                            "mean": 0.00023613562796076181,
                            "std": 0.0009960573102396962
                        }
                    }
                }
            },
            "all-actions": {
                "edited": {
                    "AGS": {
                        "reliability": {
                            "mean": 1.0,
                            "std": 0.0
                        },
                        "generalization_action_paraphrase": {
                            "mean": 0.8691888894240062,
                            "std": 0.23141170890204923
                        },
                        "generalization_relation_paraphrase": {
                            "mean": 0.6037222239176433,
                            "std": 0.2843788182106119
                        },
                        "neighbourhood_score": {
                            "mean": 0.0029241809874803975,
                            "std": 0.015210892794827055
                        }
                    },
                    "GCS": {
                        "reliability": {
                            "mean": 1.0,
                            "std": 0.0
                        },
                        "generalization_action_paraphrase": {
                            "mean": 0.8691888894240062,
                            "std": 0.294357003634875
                        },
                        "generalization_relation_paraphrase": {
                            "mean": 0.6037222239176432,
                            "std": 0.40540290528723866
                        },
                        "neighbourhood_score": {
                            "mean": 0.0029241809874803984,
                            "std": 0.018103890193984024
                        }
                    }
                }
            }
        },
        "UTILITARIANISM": {
            "broad-actions": {
                "edited": {
                    "AGS": {
                        "reliability": {
                            "mean": 1.0,
                            "std": 0.0
                        },
                        "generalization_action_paraphrase": {
                            "mean": 0.9066666666666667,
                            "std": 0.19947152400502907
                        },
                        "generalization_relation_paraphrase": {
                            "mean": 0.5780555567145348,
                            "std": 0.25384527404994095
                        },
                        "neighbourhood_score": {
                            "mean": 0.00652706387065532,
                            "std": 0.015701582166737327
                        }
                    },
                    "GCS": {
                        "reliability": {
                            "mean": 1.0,
                            "std": 0.0
                        },