{
    "model": "gpt2-xl",
    "edit_technique": "rome",
    "results": {
        "CARE_ETHICS": {
            "broad-actions": {
                "edited": {
                    "AGS": {
                        "reliability": {
                            "mean": 1.0,
                            "std": 0.0
                        },
                        "generalization_action_paraphrase": {
                            "mean": 0.30861111111111117,
                            "std": 0.27680789010555923
                        },
                        "generalization_relation_paraphrase": {
                            "mean": 0.8444444444444444,
                            "std": 0.17432851774384317
                        },
                        "neighbourhood_score": {
                            "mean": 1.857113467655716e-07,
                            "std": 4.93709818500699e-07
                        }
                    },
                    "GCS": {
                        "reliability": {
                            "mean": 1.0,
                            "std": 0.0
                        },
                        "generalization_action_paraphrase": {
                            "mean": 0.3086111111111111,
                            "std": 0.3172726900893665
                        },
                        "generalization_relation_paraphrase": {
                            "mean": 0.8444444444444443,
                            "std": 0.30401124897966
                        },
                        "neighbourhood_score": {
                            "mean": 1.8571134676557156e-07,
                            "std": 9.495022129496204e-07
                        }
                    }
                }
            },
            "all-actions": {
                "edited": {
                    "AGS": {
                        "reliability": {
                            "mean": 1.0,
                            "std": 0.0
                        },
                        "generalization_action_paraphrase": {
                            "mean": 0.2784166666666667,
                            "std": 0.2506291019799163
                        },
                        "generalization_relation_paraphrase": {
                            "mean": 0.8523833333333335,
                            "std": 0.179647997638592
                        },
                        "neighbourhood_score": {
                            "mean": 1.7078687598424188e-06,
                            "std": 1.358685044683213e-05
                        }
                    },
                    "GCS": {
                        "reliability": {
                            "mean": 1.0,
                            "std": 0.0
                        },
                        "generalization_action_paraphrase": {
                            "mean": 0.27841666666666665,
                            "std": 0.33100463309390343
                        },
                        "generalization_relation_paraphrase": {
                            "mean": 0.8523833333333332,
                            "std": 0.3091532121960099
                        },
                        "neighbourhood_score": {
                            "mean": 1.7078687598424188e-06,
                            "std": 3.084246101007864e-05
                        }
                    }
                }
            }
        },
        "DEONTOLOGY": {
            "broad-actions": {
                "edited": {
                    "AGS": {
                        "reliability": {
                            "mean": 1.0,
                            "std": 0.0
                        },
                        "generalization_action_paraphrase": {
                            "mean": 0.2495555555555556,
                            "std": 0.24085147310897945
                        },
                        "generalization_relation_paraphrase": {
                            "mean": 0.7861666666666667,
                            "std": 0.23955481472777637
                        },
                        "neighbourhood_score": {
                            "mean": 1.7986990504181934e-05,
                            "std": 6.575425469251906e-05
                        }
                    },
                    "GCS": {
                        "reliability": {
                            "mean": 1.0,
                            "std": 0.0
                        },
                        "generalization_action_paraphrase": {
                            "mean": 0.24955555555555559,
                            "std": 0.3075376921594578
                        },
                        "generalization_relation_paraphrase": {
                            "mean": 0.7861666666666667,
                            "std": 0.33838988306827816
                        },
                        "neighbourhood_score": {
                            "mean": 1.7986990504181937e-05,
                            "std": 9.280734083073022e-05
                        }
                    }
                }
            },
            "all-actions": {
                "edited": {
                    "AGS": {
                        "reliability": {
                            "mean": 0.9983333333333333,
                            "std": 0.02881936077631763
                        },
                        "generalization_action_paraphrase": {
                            "mean": 0.30325555555555556,
                            "std": 0.25764498519292345
                        },
                        "generalization_relation_paraphrase": {
                            "mean": 0.7704222222222222,
                            "std": 0.21640297515126955
                        },
                        "neighbourhood_score": {
                            "mean": 0.00034312706082897953,
                            "std": 0.0017227398541164373
                        }
                    },
                    "GCS": {
                        "reliability": {
                            "mean": 0.9983333333333333,
                            "std": 0.02881936077631763
                        },
                        "generalization_action_paraphrase": {
                            "mean": 0.30325555555555556,
                            "std": 0.36061541208342546
                        },
                        "generalization_relation_paraphrase": {
                            "mean": 0.7704222222222225,
                            "std": 0.3539629707912369
                        },
                        "neighbourhood_score": {
                            "mean": 0.0003431270608289796,
                            "std": 0.0024653233535611276
                        }
                    }
                }
            }
        },
        "UTILITARIANISM": {
            "broad-actions": {
                "edited": {
                    "AGS": {
                        "reliability": {
                            "mean": 1.0,
                            "std": 0.0
                        },
                        "generalization_action_paraphrase": {
                            "mean": 0.255,
                            "std": 0.28201983119132806
                        },
                        "generalization_relation_paraphrase": {
                            "mean": 0.8466666666666665,
                            "std": 0.1441706807405208
                        },
                        "neighbourhood_score": {
                            "mean": 0.0013767437362860035,
                            "std": 0.0035935984098601167
                        }
                    },
                    "GCS": {
                        "reliability": {
                            "mean": 1.0,
                            "std": 0.0
                        },